map_id,map_cn
1,第 01 关
2,第 02 关
3,第 03 关
4,第 04 关
5,第 05 关
6,第 06 关
7,第 07 关
8,第 08 关
9,第 09 关
10,第 10 关
11,第 11 关
12,第 12 关
13,第 13 关
14,第 14 关
15,第 15 关
16,第 16 关
17,第 17 关
18,第 18 关
19,第 19 关
20,第 20 关
21,第 21 关
22,第 22 关
23,第 23 关
24,第 24 关
25,第 25 关
26,第 26 关
27,第 27 关
28,第 28 关
29,第 29 关
30,第 30 关
31,第 31 关
32,第 32 关
33,第 33 关
34,第 34 关
35,第 35 关
36,第 36 关
37,第 37 关
38,第 38 关
39,第 39 关
40,第 40 关
41,第 41 关
42,第 42 关
43,第 43 关
44,第 44 关
45,第 45 关
46,第 46 关
47,第 47 关
48,第 48 关
49,第 49 关
50,第 50 关
51,第 51 关
52,第 52 关
53,第 53 关
54,第 54 关
55,第 55 关
56,第 56 关
57,第 57 关
58,第 58 关
59,第 59 关
60,第 60 关
61,第 61 关
62,第 62 关
63,第 63 关
64,第 64 关
65,第 65 关
66,第 66 关
67,第 67 关
68,第 68 关
69,第 69 关
70,第 70 关
71,第 71 关
72,第 72 关
73,第 73 关
74,第 74 关
75,第 75 关
76,第 76 关
77,第 77 关
78,第 78 关
79,第 79 关
80,第 80 关
81,第 81 关
82,第 82 关
83,第 83 关
84,第 84 关
85,第 85 关
86,第 86 关
87,第 87 关
88,第 88 关
89,第 89 关
90,第 90 关
91,第 91 关
92,第 92 关
93,第 93 关
94,第 94 关
95,第 95 关
96,第 96 关
97,第 97 关
98,第 98 关
99,第 99 关
100,第 10 关
